,first_name,family_name,party,electorate,sitting,website,twitter,facebook,instagram
Aaron Hammond,Aaron,Hammond,SCP,Sydney,False,,,,
Aaron Harpley-Carr,Aaron,Harpley-Carr,UAP,Dobell,False,,,dobell-uap-334602340497113,
Aaron Santelises,Aaron,Santelises,ALP,McPherson,False,https://www.alp.org.au/our-people/our-people/aaron-santelises/,,santelises4mcpherson,santelises4mcpherson
Aaron Whittaker,Aaron,Whittaker,UAP,Brisbane,False,,,aaronwhittakeruap,
Adam Bandt,Adam,Bandt,GRN,Melbourne,True,https://greens.org.au/vic/person/adam-bandt,adambandt,adam.bandt.mp,
Adam Blakester,Adam,Blakester,IND,New England,False,https://www.adamblakester.vote/,adamblakester,adamblakester,campaignblakester
Adam Holt,Adam,Holt,UAP,Sydney,False,,,sydney-uap-1108413119339437,
Adam Pulford,Adam,Pulford,GRN,Wills,False,,adampulford,adampulfordforwills,
Adam Veitch,Adam,Veitch,UAP,Bendigo,False,,,adamveitchuap,
Adam Watson,Adam,Watson,UAP,Kingsford Smith,False,,,kingsford-smith-uap-634344207003450,
Alan Quinn,Alan,Quinn,GRN,McPherson,False,https://greens.org.au/qld/person/alan-quinn,,alan-quinn-greens-candidate-for-mcpherson-339390456694649,
Alan Tudge,Alan,Tudge,LIB,Aston,True,http://www.alantudge.com.au/,alantudgemp,tudgemp,
Alex Hawke,Alex,Hawke,LIB,Mitchell,True,,alexhawkemp,alexhawkempmitchell,alexhawkemp
Ali France,Ali,France,ALP,Dickson,False,https://www.alp.org.au/our-people/our-people/ali-france/,alifrance5,alifrance4dickson,alifrance4dickson
Alice Thompson,Alice,Thompson,IND,Mackellar,False,https://alicethompson.com.au/,indy_ally,alice4mackellar,
Alicia Payne,Alicia,Payne,ALP,Canberra,False,,,aliciapayneforcanberra,aliciapayne_cbr
Alicia Walker,Alicia,Walker,AJP,Higgins,False,https://www.ajpvic.org.au/2019_federal_election_candidates,,,
Allan Green,Allan,Green,LIB,Greenway,False,https://nsw.liberal.org.au/AllanGreen,,allangreenforgreenway,
Allan Roark,Allan,Roark,UAP,Bass,False,,,,
Alyce Nelligan,Alyce,Nelligan,GRN,Groom,False,https://greens.org.au/qld/person/alyce-nelligan,,alycenelligan.greens,
Amanda Rishworth,Amanda,Rishworth,ALP,Kingston,True,,amandarishworth,amandarishworth,
Amanda Wilmot,Amanda,Wilmot,LIB,Kingsford Smith,False,https://nsw.liberal.org.au/AmandaWilmot,,amandawilmotforkingsfordsmith,
Amanda-Sue Markham,Amanda-Sue,Markham,LIB,Clark,False,https://www.liberal.org.au/member/amanda-sue-markham,,10157009666402464,
Amber Forbes,Amber,Forbes,GRN,Corio,False,https://greens.org.au/vic/person/amber-forbes,,,
Amy Gregorovich,Amy,Gregorovich,GRN,La Trobe,False,https://greens.org.au/vic/person/amy-gregorovich,,amy.gregorovich.greens,
Andrea Broadfoot,Andrea,Broadfoot,CA,Grey,False,https://centrealliance.org.au/candidates/grey/,,,
Andrew Bartlett,Andrew,Bartlett,GRN,Brisbane,False,,andrewbartlett,andrewbartlett.brisbane,andrew_bartlett
Andrew Bock,Andrew,Bock,IND,Nicholls,False,https://www.andrewbockindependent.com.au/,bock4nicholls,bock4nicholls,
Andrew Braddock,Andrew,Braddock,GRN,Fenner,False,https://greens.org.au/act/person/andrew-braddock,,braddockandrew,
Andrew Broad,Andrew,Broad,NAT,Mallee,True,,broad4mallee,broadformallee,
Andrew Gee,Andrew,Gee,NAT,Calare,True,http://nationals.org.au/candidates/,andrewgeemp,andrewgeecalare,
Andrew Giles,Andrew,Giles,ALP,Scullin,True,,andrewjgiles,andrewgilesmp,andrewgilesmp
Andrew Hastie,Andrew,Hastie,LIB,Canning,True,,,hastieandrew,
Andrew Laming,Andrew,Laming,LNP,Bowman,True,,andrewlamingmp,lammompp,andrewlamingmp
Andrew Leigh,Andrew,Leigh,ALP,Fenner,True,,aleighmp,andrewleighmp,
Andrew Marks,Andrew,Marks,UAP,Bennelong,False,,,bennelong-uap-1163196120521078,
Andrew Thaler,Andrew,Thaler,IND,Eden-Monaro,False,http://www.andrewthaler.com.au/,andrew_thaler,andrew.thaler,
Andrew Wallace,Andrew,Wallace,LNP,Fisher,True,http://www.andrewwallacemp.com.au/,andrewwallacemp,wallace4fisher,andrewwallacemp68
Andrew Wilkie,Andrew,Wilkie,IND,Clark,True,http://andrewwilkie.org/,wilkiemp,andrewwilkiemp,
Andrew Woodward,Andrew,Woodward,ALP,Cowper,False,https://www.alp.org.au/our-people/our-people/andrew-woodward/,cowperlabor,cowperlabor,cowperlabor
Angela Fulco,Angela,Fulco,PROG,Sturt,False,,,,
Angela Owen,Angela,Owen,LNP,Moreton,False,,,,
Angelo Cuda,Angelo,Cuda,UAP,Whitlam,False,,,whitlam-uap-726222754445260,
Angie Bell,Angie,Bell,LNP,Moncrieff,False,,,angie.bell.moncrieff,
Angus Taylor,Angus,Taylor,LIB,Hume,True,,angustaylormp,angustaylor4hume,
Anika Wells,Anika,Wells,ALP,Lilley,False,https://www.alp.org.au/our-people/our-people/anika-wells/,,wells4lilley,wells4lilley
Ann Sudmalis,Ann,Sudmalis,LIB,Gilmore,True,,ann_sudmalismp,annsudmalismp,
Anne Aly,Anne,Aly,ALP,Cowan,True,,,anneazzaaly,anne.aly
Anne Bourne,Anne,Bourne,GRN,Mayo,False,https://greens.org.au/sa/person/anne-bourne,,anne-bourne-greens-candidate-for-mayo-492118757858549,
Anne Charlton,Anne,Charlton,ALP,Robertson,False,,,annecharltonrobertson,anne.charlton
Anne Jackson,Anne,Jackson,GRN,Hinkler,False,https://greens.org.au/qld/person/anne-jackson,,annejacksongreens,
Anne Stanley,Anne,Stanley,ALP,Werriwa,True,https://www.alp.org.au/our-people/our-people/anne-stanley/,annewerriwa,,anne.stanley.werriwa
Anne Webster,Anne,Webster,NAT,Mallee,False,,,annewebster.nationals,
Anthony Albanese,Anthony,Albanese,ALP,Grayndler,True,https://anthonyalbanese.com.au/,albomp,albomp,albomp
Anthony Byrne,Anthony,Byrne,ALP,Holt,True,,anthonybyrne_mp,anthonybyrne,
Anthony Fels,Anthony,Fels,UAP,O'Connor,False,,,oconnor-uap-576161612901223,
Anthony Mitchell,Anthony,Mitchell,LIB,Gellibrand,False,https://vic.liberal.org.au/AnthonyMitchell,,anthonymitchellforgellibrand,
Anthony Seals,Anthony,Seals,UAP,Isaacs,False,,,isaacs-uap-360799891435612,
Anthony Wallis,Anthony,Wallis,KAP,Maranoa,False,https://www.kap.org.au/maranoa/,,,
Antoinette Holm,Antoinette,Holm,ALP,Gippsland,False,https://www.alp.org.au/our-people/our-people/antoinette-holm/,,labor4gippsland,
Antonio Rea,Antonio,Rea,UAP,Adelaide,False,,,adelaide-uap-1211211022394004,
Aoife Champion,Aoife,Champion,ALP,Hume,False,,,aoifechampion,aoifechampion
Asher Cookson,Asher,Cookson,GRN,Aston,False,https://greens.org.au/candidates/vic,,,
Astrid O'Neill,Astrid,O'Neill,GRN,McMahon,False,https://greens.org.au/nsw/person/astrid-oneill,,,
Bailey Maher,Bailey,Maher,UAP,Longman,False,,,baileymaheruap,
Barbara Bell,Barbara,Bell,GRN,Bonner,False,https://greens.org.au/qld/person/barbara-bell,,barbarabellthegreens,
Barbara Pocock,Barbara,Pocock,GRN,Adelaide,False,http://www.barbarapocock.com.au/,barbarapocock,barbarapocock4adelaide,barbarapocock
Barnaby Joyce,Barnaby,Joyce,NAT,New England,True,http://www.barnabyjoyce.com.au/,barnaby_joyce,barnabyjoycemp,barnaby.joyce
Belinda Hassan,Belinda,Hassan,ALP,Dawson,False,,belinda_alp,belindaalp,belindahassan4dawson
Ben Liu,Ben,Liu,UAP,Barton,False,,,barton-uap-2137366266331415,
Ben McGregor,Ben,McGregor,ALP,Clark,False,,,mcgregorforclark,
Ben Morton,Ben,Morton,LIB,Tangney,True,,,benmortonau,
Ben Rushton,Ben,Rushton,UAP,Bean,False,,,,
Benedict Coyne,Benedict,Coyne,GRN,Dickson,False,https://doitfordickson.com/,bennarama,benedictcoyne.greens,benedictcoyne.greens
Bernadette Thomas,Bernadette,Thomas,GRN,Gellibrand,False,https://greens.org.au/vic/person/bernadette-thomas,,bernadette-thomas-for-gellibrand-774007712977873,
Bert van Manen,Bert,van Manen,LNP,Forde,True,https://www.bertvanmanen.com.au/,bertvanmanen,bertvanmanen.page,bertvanmanen
Beverley Cameron,Beverley,Cameron,UAP,Calare,False,,,calare-uap-1139073959593025,
Bill Brindle,Bill,Brindle,ALP,Casey,False,,,brindle4casey,
Bill Lodwick,Bill,Lodwick,ALP,Nicholls,False,https://www.alp.org.au/our-people/our-people/bill-lodwick/,,billlodwick4mp,billlodwick4mp
Bill Shorten,Bill,Shorten,ALP,Maribyrnong,True,,billshortenmp,billshorten,billshortenmp
Bob Katter,Bob,Katter,KAP,Kennedy,True,https://www.ausparty.org.au/who-we-are/our-people,,,
Brad Carswell,Brad,Carswell,LNP,Lilley,False,,,brad4lilley,
Brady Williams,Brady,Williams,AUC,Hasluck,False,,,,
Brendan Bunyan,Brendan,Bunyan,KAP,Dawson,False,https://www.kap.org.au/dawson/,,,
Brendan Clarke,Brendan,Clarke,SCP,Berowra,False,,,,
Brendan O'Connor,Brendan,O'Connor,ALP,Gorton,True,,boconnormp,brendanoconnormp,
Brenden Hatton,Brenden,Hatton,UAP,Durack,False,,,,
Brett Fuller,Brett,Fuller,UAP,Menzies,False,,,brettfulleruap,
Brett McGuire,Brett,McGuire,ALP,Kennedy,False,https://www.alp.org.au/our-people/our-people/brett-mcguire/,,brettmcguirealp,
Brett Nangle,Brett,Nangle,UAP,Cooper,False,,,brettnangleuap,
Brett Stone,Brett,Stone,ALP,North Sydney,False,https://www.alp.org.au/our-people/our-people/brett-stone/,,brettfornorthsydney,
Brian Mitchell,Brian,Mitchell,ALP,Lyons,True,,brianmitchellmp,brianmitchellforlyons2016,
Brian Owler,Brian,Owler,ALP,Bennelong,False,https://www.alp.org.au/our-people/our-people/brian-owler/,brianowler,laborforbennelong,
Bridget Archer,Bridget,Archer,LIB,Bass,False,,bridgetarcher,bridgetarcherforbass,
Bronwyn Currie,Bronwyn,Currie,AJP,Isaacs,False,https://www.ajpvic.org.au/2019_federal_election_candidates,,,
Bryn Hills,Bryn,Hills,AJP,Ballarat,False,https://www.ajpvic.org.au/2019_federal_election_candidates,,,
Cameron Pidgeon,Cameron,Pidgeon,GRN,Curtin,False,https://greens.org.au/wa/person/cameron-pidgeon,,camforcurtin,
Candace Champion,Candace,Champion,GRN,Grey,False,https://greens.org.au/sa/person/candace-champion,,,
Carl Cooper,Carl,Cooper,NAT,Bass,False,,,carlcooper.bass,
Carmel McCallum,Carmel,McCallum,GRN,Gilmore,False,https://greens.org.au/nsw/person/carmel-mccallum,,carmelforgilmore,
Caroline Perks,Caroline,Perks,GRN,Perth,False,https://greens.org.au/wa/person/caroline-perks,,carolineforperth,carolineforperth
Cath Connor,Cath,Connor,GRN,Robertson,False,https://greens.org.au/nsw/person/cath-connor,,,
Catherine King,Catherine,King,ALP,Ballarat,True,,catherinekingmp,catherinekingmp,
Cathy McGowan,Cathy,McGowan,IND,Indi,True,,,,
Cathy O'Toole,Cathy,O'Toole,ALP,Herbert,True,,c_otoole,cathyotoolemp,
Cecilia Moar,Cecilia,Moar,IND,Mallee,False,https://www.moarformallee.com/,,moarformallee,moarformallee
Celia Hammond,Celia,Hammond,LIB,Curtin,False,,,celia4curtin,celiahammond4curtin
Chad Anderson,Chad,Anderson,IND,Leichhardt,False,,,,
Chandra Singh,Chandra,Singh,UAP,Eden-Monaro,False,,,eden-monaro-uap-635848103525106,
Charles Camenzuli,Charles,Camenzuli,LIB,Parramatta,False,https://nsw.liberal.org.au/CharlesCamenzuli,,charles4parramatta,
Charles Hopkins,Charles,Hopkins,UAP,Perth,False,,,perth-uap-398148410975175,
Charles Jago,Charles,Jago,GRN,Reid,False,https://greens.org.au/nsw/person/charles-jago,,cbaygreens,
Chris Bowen,Chris,Bowen,ALP,McMahon,True,,bowenchris,chrisbowenmp,
Chris Crewther,Chris,Crewther,LIB,Dunkley (*),True,,chriscrewthermp,crewtherchrismp,chriscrewthermp
Chris Gambian,Chris,Gambian,ALP,Banks,False,http://chrisgambian.com.au/,chrisgambian,chrisgambian,chrisgambian
Chris Haviland,Chris,Haviland,ALP,Bradfield,False,,,,
Chris Hayes,Chris,Hayes,ALP,Fowler,True,,,chrishayesmp,chrishayesmp
Chris Hayman,Chris,Hayman,UAP,McEwen,False,,,chrishaymanuap,
Chris Lahy,Chris,Lahy,CEC,Mallee,False,,,,
Chris Miles,Chris,Miles,AJP,Wills,False,https://www.ajpvic.org.au/2019_federal_election_candidates,,,
Chris Paterson,Chris,Paterson,ONP,Fisher,False,https://www.onenation.org.au/our-team/chris-paterson/,,patersonforfisher,
Christian Julius,Christian,Julius,UAP,Griffith,False,,,christianjuliusuap,
Christian Porter,Christian,Porter,LIB,Pearce,True,,cporterwa,christianportermp,christianportermp
Christine McShane,Christine,McShane,UAP,Flinders,False,,,flinders-uap-408040429965822,
Christine Stow,Christine,Stow,LIB,Maribyrnong,False,,,,
Christopher Buttel,Christopher,Buttel,UAP,Lindsay,False,,,lindsay-uap-2247701862178684,
Christopher Pyne,Christopher,Pyne,LIB,Sturt,True,,cpyne,christopher.pyne,pynechristopher
Cindy Duncan,Cindy,Duncan,UAP,New England,False,,,new-england-uap-153366688916977,
Clare O'Neil,Clare,O'Neil,ALP,Hotham,True,,clareoneilmp,clareforhotham,clareoneilmp
Clinton Pattison,Clinton,Pattison,LNP,Rankin,False,,,,
Colin Thompson,Colin,Thompson,UAP,Dawson,False,,,settings,
Connor Parissis,Connor,Parissis,GRN,Barton,False,,,parissisbarton,
Corinne Mulholland,Corinne,Mulholland,ALP,Petrie,False,https://www.alp.org.au/our-people/our-people/corinne-mulholland/,,corinnemulholland,corinneforpetrie
Courtney Nguyen,Courtney,Nguyen,LIB,Fowler,False,https://nsw.liberal.org.au/CourtneyNguyen,,,
Craig Kelly,Craig,Kelly,LIB,Hughes,True,,craigkellymp,craigkellymp,
Craig Laundy,Craig,Laundy,LIB,Reid,True,,laundycraigmp,craiglaundyofficial,craiglaundy
Craig McLachlan,Craig,McLachlan,UAP,Berowra,False,,,berowra-uap-744797192587020,
Craig McPherson,Craig,McPherson,AJP,Macnamara,False,,,,
Cressida O'Hanlon,Cressida,O'Hanlon,ALP,Sturt,False,https://www.alp.org.au/our-people/our-people/cressida-ohanlon/,,cressidaohanlon,
Csongor (Shaun) Sopronyi,Csongor (Shaun),Sopronyi,UAP,Oxley,False,,,,
Cynthia Smith,Cynthia,Smith,GRN,Scullin,False,https://greens.org.au/vic/person/cynthia-smith,,,
Dale Bromley,Dale,Bromley,UAP,Forrest,False,,,forrest-uap-172608776955929,
Damian Commane,Damian,Commane,ONP,McMahon,False,https://www.onenation.org.au/our-team/damian-commane/,,commaneformcmahon,
Damian Drum,Damian,Drum,NAT,Nicholls,True,http://nationals.org.au/candidates/,damiandrumnat,damiandrumnats,
Damian Huxham,Damian,Huxham,ONP,Hinkler,False,https://www.onenation.org.au/our-team/damian-huxham-hinkler/,,damianhuxham,
Damien Atkins,Damien,Atkins,GRN,Greenway,False,https://greens.org.au/nsw/person/damien-atkins,,greens7hills2019,
Dan Tehan,Dan,Tehan,LIB,Wannon,True,,dantehanwannon,dantehanwannon,dantehan
Dani Rifai,Dani,Rifai,UAP,Shortland,False,,,shortland-uap-415388335946752,
Daniel Bryar,Daniel,Bryar,GRN,Wide Bay,False,https://greens.org.au/qld/person/daniel-bryar,bryardaniel,dbryar.greens,
Daniel Jury,Daniel,Jury,GRN,Spence,False,https://greens.org.au/sa/person/daniel-jury,,,
Daniel Keogh,Daniel,Keogh,GRN,North Sydney,False,https://greens.org.au/nsw/person/daniel-keogh,,dkgreens,
Daniel McCarthy,Daniel,McCarthy,KAP,Leichhardt,False,http://www.danielmccarthy.com.au/,,daniel-mccarthy-kap-for-leichhardt-1075941069110810,
Daniel Mulino,Daniel,Mulino,ALP,Fraser,False,https://www.alp.org.au/our-people/our-people/daniel-mulino/,,daniel.mulino.1,danielmulino4fraser
Daniel Parsell,Daniel,Parsell,ALP,Fisher,False,https://www.alp.org.au/our-people/our-people/daniel-parsell/,,laborforfisher,
Daniel Pollock,Daniel,Pollock,ALP,Goldstein,False,https://www.alp.org.au/our-people/our-people/daniel-pollock/,,pollockforgoldstein,
Daniel Reid,Daniel,Reid,GRN,Page,False,https://greens.org.au/nsw/person/daniel-reid,,dareid001,
Daniel Vujcich,Daniel,Vujcich,GRN,Moore,False,https://greens.org.au/wa/person/daniel-vujcich,,danielformoore,
Darren Chester,Darren,Chester,NAT,Gippsland,True,http://nationals.org.au/candidates/,darrenchestermp,darrenchestermp,
Darren Winter,Darren,Winter,UAP,Franklin,False,,,,
Dave Sharma,Dave,Sharma,LIB,Wentworth (*),False,,davesharma,davesharmaforwentworth,davesharmaforwentworth
David Coleman,David,Coleman,LIB,Banks,True,,davidcolemanmp,davidcoleman4banks,
David Gillespie,David,Gillespie,NAT,Lyne,True,http://nationals.org.au/candidates/,,patrick-conaghan-candidate-for-cowper-1159459864219222,
David Goode,David,Goode,LIB,Burt,False,,,david4burt,
David King,David,King,ONP,Groom,False,https://www.onenation.org.au/our-team/david-king/,,kingforgroom,
David Littleproud,David,Littleproud,LNP,Maranoa,True,https://davidlittleproud.com.au/,d_littleproudmp,littleproud4maranoa,
David Lyon,David,Lyon,UAP,Mackellar,False,,,mackellar-uap-2238120906399610,
David Risstrom,David,Risstrom,GRN,Cooper,False,https://greens.org.au/vic/person/david-risstrom,,davidrisstromforcooper,
David Smith,David,Smith,ALP,Bean,False,,sendavesmith,senatordavesmith,
David Wright,David,Wright,UAP,Wright,False,,,davidwrightuap,
Davina Hinkley,Davina,Hinkley,AJP,Kooyong,False,,,,
Dean Harris,Dean,Harris,ALP,Warringah,False,,,deanharriswarringah,drharro
Dean Moss,Dean,Moss,GRN,Farrer,False,https://greens.org.au/nsw/person/dean-moss,,vote1deanmoss,
Dean Young,Dean,Young,LIB,Franklin,False,,,youngforfranklin,
Deanna Hutchinson,Deanna,Hutchinson,NAT,Lyons,False,,,deannahutchinson.lyons,
Deb Foskey,Deb,Foskey,GRN,Gippsland,False,https://greens.org.au/vic/person/deb-foskey,,eastgippslandgreens1,
Debra Lawson,Debra,Lawson,ONP,Dawson,False,https://www.onenation.org.au/our-team/debra-lawson/,,,
Declan Steele,Declan,Steele,ALP,Mackellar,False,,,declanformackellar,
Deonne Kingsford,Deonne,Kingsford,AUC,Curtin,False,,,,
Derek Henderson,Derek,Henderson,LIB,Grayndler,False,https://nsw.liberal.org.au/DerekHenderson,,derekhendersonforgrayndler,
Des Hardman,Des,Hardman,ALP,Forde,False,,,deshardmanlabor,
Desmond Sanborn,Desmond,Sanborn,UAP,Corio,False,,,desmondsanbornuap,
Diane Beamer,Diane,Beamer,ALP,Lindsay,False,,,beamerforlindsay,
Diedree Steinwall,Diedree,Steinwall,ALP,Hughes,False,https://www.alp.org.au/our-people/our-people/diedree-steinwall/,,diedreesteinwallforhughes,
Dominic Wy Kanak,Dominic Wy,Kanak,GRN,Wentworth (*),False,https://greens.org.au/nsw/person/dominic-wy-kanak,,wentworth.greens,
Donald Mackenzie,Donald,Mackenzie,UAP,Fraser,False,,,fraser-uap-2036734896623676,
Dorothy Hutton,Dorothy,Hutton,UAP,Stirling,False,,,stirling-uap-2231197590264880,
Duncan Dean,Duncan,Dean,UAP,La Trobe,False,,,duncandeanuap,
Ed Cocks,Ed,Cocks,LIB,Bean,False,,,edcocksliberal,
Ed Husic,Ed,Husic,ALP,Chifley,True,,,ehusic,
Elida Faith,Elida,Faith,ALP,Leichhardt,False,https://www.alp.org.au/our-people/our-people/elida-faith/,,elidafaithalp,elidafaithalp
Elizabeth Johnston,Elizabeth,Johnston,AJP,Dunkley (*),False,,,,
Emerald Moon,Emerald,Moon,GRN,Bowman,False,https://greens.org.au/qld/person/emerald-moon,,emeraldmoongreens,
Emily Green,Emily,Green,GRN,Dunkley (*),False,https://greens.org.au/vic/person/emily-green,,emilygfordunkley,
Emma Husar,Emma,Husar,ALP,Lindsay,True,,,emmahusarmp,
Emma McBride,Emma,McBride,ALP,Dobell,True,,emma4dobell,mcbrideemma,
Emmeline Chidley,Emmeline,Chidley,GRN,Maranoa,False,https://greens.org.au/qld/person/emmeline-chidley,,emmelinechidleythegreens,
Eric Kerr,Eric,Kerr,ALP,Indi,False,https://www.alp.org.au/our-people/our-people/eric-kerr/,erickerrforindi,erickerrforindi,erickerrforindi
Esther Baker,Esther,Baker,ONP,La Trobe,False,https://www.onenation.org.au/our-team/esther-baker/,,bakerforlatrobe,
Eugene Marshall,Eugene,Marshall,GRN,Pearce,False,https://greens.org.au/candidates/pearce,,eugeneforpearce,
Fardin Nikjoo,Fardin,Nikjoo,UAP,Greenway,False,,,greenway-uap-313530552636837,
Fiona Kotvojs,Fiona,Kotvojs,LIB,Eden-Monaro,False,,,fionakotvojsforedenmonaro,
Fiona Mackenzie,Fiona,Mackenzie,UAP,McPherson,False,,,fionamackenzieuap,
Fiona Martin,Fiona,Martin,LIB,Reid,False,https://nsw.liberal.org.au/FionaMartin,,fionamartinforreid,
Fiona McLeod,Fiona,McLeod,ALP,Higgins,False,https://www.alp.org.au/our-people/our-people/fiona-mcleod/,laborforhiggins,laborforhiggins,laborforhiggins
Fiona Phillips,Fiona,Phillips,ALP,Gilmore,False,https://www.alp.org.au/our-people/our-people/fiona-phillips/,fiboydphillips,fionaphillipsforgilmore,
Firas Hasan,Firas,Hasan,UAP,Scullin,False,,,firashasanuap,
Frank Beveridge,Frank,Beveridge,LNP,Kennedy,False,,,frank4kennedy,
Gai Brodtmann,Gai,Brodtmann,ALP,Canberra,True,,,139691649380518,
Ganesh Loke,Ganesh,Loke,UAP,Parramatta,False,,,parramatta-uap-283808682287372,
Garry Bourke,Garry,Bourke,UAP,Lyne,False,,,lyne-uap-350128235841832,
Garry Eilola,Garry,Eilola,UAP,Moncrieff,False,,,,
Gary Davies,Gary,Davies,SCP,Perth,False,,,,
Gary Oliver,Gary,Oliver,GRN,Leichhardt,False,https://greens.org.au/qld/person/gary-oliver,,garyolivergreens,
Gary Whisson,Gary,Whisson,GRN,Lyons,False,https://greens.org.au/tas/person/gary-whisson,,gary-whisson-greens-candidate-for-lyons-380598716105216,
Gavin Pearce,Gavin,Pearce,LIB,Braddon,False,,,gavinpearcebraddon,
Gaye Cameron,Gaye,Cameron,ONP,Cook,False,https://www.onenation.org.au/our-team/gaye-cameron/,,gayecameronnsw,
Ged Kearney,Ged,Kearney,ALP,Cooper,False,,gedkearney,gedkearneylabor,gedkearney
Genevieve Hamilton,Genevieve,Hamilton,LIB,Calwell,False,,,,
Geoff Scully,Geoff,Scully,UAP,Newcastle,False,,,newcastle-uap-2450790261811313,
George Christensen,George,Christensen,LNP,Dawson,True,https://georgechristensen.com.au/,gchristensenmp,gchristensenmp,
George Hua,George,Hua,LIB,Hotham,False,,georgejhua,georgeforhotham,georgehua_au
George Zoraya,George,Zoraya,UAP,Chisholm,False,,,georgezorayauap,
Georgina Downer,Georgina,Downer,LIB,Mayo,False,,georgina4mayo,georginadownermayo,georgina_downer_liberal_4_mayo
Gianluca Dragone,Gianluca,Dragone,GRN,Banks,False,https://greens.org.au/nsw/person/gianluca-dragone,,gianluca4banks,
Gladys Liu,Gladys,Liu,LIB,Chisholm,False,http://www.gladysliu.com.au/,,gladysliuforchisholm,gladysliu.au
Glen Hodgson,Glen,Hodgson,UAP,Fenner,False,,,fenner-uap-388696601707725,
Graham Burston,Graham,Burston,UAP,Paterson,False,,,paterson-uap-2215477585448137,
Graham Gallaher,Graham,Gallaher,ONP,Braddon,False,https://www.onenation.org.au/our-team/graham-gallaher/,,gallaherforbraddon,
Graham Perrett,Graham,Perrett,ALP,Moreton,True,,grahamperrettmp,grahamperrettmp,
Grant Schultz,Grant,Schultz,IND,Gilmore,False,,,,
Greg Hunt,Greg,Hunt,LIB,Flinders,True,,greghuntmp,greg.hunt.mp,greghuntmp
Gurpal Singh,Gurpal,Singh,LIB,Scullin,False,,,,
Hamish Mitchell,Hamish,Mitchell,UAP,Richmond,False,,,richmond-uap-235483914073374,
Hannah Beazley,Hannah,Beazley,ALP,Swan,False,https://www.alp.org.au/our-people/our-people/hannah-beazley/,,laborforswan,hannahbeazley4swan
Hedley Harding,Hedley,Harding,UAP,Sturt,False,,,,
Helen Haines,Helen,Haines,IND,Indi,False,https://www.helenhaines.org/,helenhaines1,helenhainesindi,
Helen Paton,Helen,Paton,UAP,Macnamara,False,,,helenpatonuap,
Helen Robinson,Helen,Robinson,GRN,Indi,False,https://greens.org.au/vic/person/helen-robinson,,,
Hemant Dave,Hemant,Dave,LIB,Makin,False,https://www.liberal.org.au/member/hemant-dave,,10157009666402464,
Huw Kingston,Huw,Kingston,IND,Hume,False,https://www.huw4hume.com.au/,huw4hume,huwkingston4hume,huw4hume
Ian Goodenough,Ian,Goodenough,LIB,Moore,True,,iangoodenoughmp,iangoodenoughmp,iangoodenoughmp
Ian t'Hart,Ian,t'Hart,AUC,O'Connor,False,,,,
Ignatius Tsiriplis,Ignatius,Tsiriplis,UAP,Werriwa,False,,,werriwa-uap-888170641574897,
Immanuel Selveraj,Immanuel,Selveraj,ALP,Mitchell,False,https://www.alp.org.au/our-people/our-people/immanuel-selveraj/,,immanuelthevoiceformitchell,
Imogen Lindenberg,Imogen,Lindenberg,GRN,Dawson,False,https://greens.org.au/qld/person/imogen-lindenberg,,imogenlindenberg.greens,
Innes Larkin,Innes,Larkin,IND,Wright,False,https://www.innesforwright.com.au/,innesforwright,innesforwright,innesforwright
Isaac Stewart,Isaac,Stewart,LIB,Cowan,False,,,isaac4cowan,
Jacinta Nampijinpa Price,Jacinta Nampijinpa,Price,CLP,Lingiari,False,,,jacintapriceclpcandidateforlingiari,
Jack Ayoub,Jack,Ayoub,ALP,Parkes,False,https://www.alp.org.au/our-people/our-people/jack-ayoub/,,jackayoubforparkes,
Jack Pleiter,Jack,Pleiter,LIB,Brand,False,,,jack4brand,jack4brand
Jacob Rush,Jacob,Rush,UAP,Flynn,False,,,jacobrushuap,
Jacqui Munro,Jacqui,Munro,LIB,Sydney,False,https://nsw.liberal.org.au/JacquiMunro,,jacquimunroforsydney,
Jaiben Baker,Jaiben,Baker,GRN,Flynn,False,https://greens.org.au/qld/person/jaiben-baker,,jaibenbakerthegreens,
Jake Hall-Evans,Jake,Hall-Evans,LIB,Hindmarsh,False,https://www.jakehallevans.com.au/,hallevansjake,hallevans4hindmarsh,hallevans4hindmarsh
Jake Schoermer,Jake,Schoermer,GRN,Ryan,False,https://www.jakeforryan.com/,jakeschoermer,jakeschoermergreens,
James Cruz,James,Cruz,GRN,Kingsford Smith,False,https://greens.org.au/nsw/person/james-cruz,_jamescruz,mellamojamescruz,
James Harker-Mortlock,James,Harker-Mortlock,NAT,Whitlam,False,http://nationals.org.au/nationals-candidate-for-whitlam-announced/,,nswnationals,
James Jansson,James,Jansson,SCP,Kingsford Smith,False,,,,
James Martin,James,Martin,ALP,Hasluck,False,https://www.alp.org.au/our-people/our-people/james-martin/,,martin4hasluck,
James Persson,James,Persson,AJP,Flinders,False,https://www.ajpvic.org.au/2019_federal_election_candidates,,,
James Rooney,James,Rooney,GRN,Blaxland,False,https://greens.org.au/nsw/person/james-rooney,,james-rooney-2232492433737169,
James Stevens,James,Stevens,LIB,Sturt,False,,,jamesstevenssturt,
James Williams,James,Williams,GRN,Maribyrnong,False,https://greens.org.au/vic/person/james-williams,jameswgreens,jameswilliamsgreens,
Jamie Dixon,Jamie,Dixon,GRN,Whitlam,False,https://greens.org.au/nsw/person/jamie-dixon,,jamiedixongreens,
Jamie van Burgel,Jamie,van Burgel,AUC,Canning,False,,,,
Jan Davis,Jan,Davis,GRN,Paterson,False,https://greens.org.au/nsw/person/jan-davis,,,
Jana Stewart,Jana,Stewart,ALP,Kooyong,False,https://www.alp.org.au/our-people/our-people/jana-stewart/,janaforkooyong,jana-stewart-for-kooyong-232953157609233,janaforkooyong
Jane Prentice,Jane,Prentice,LNP,Ryan,True,,janeprentice_mp,jprenticemp,
Janet Murray,Janet,Murray,GRN,Hunter,False,https://greens.org.au/nsw/person/janet-murray,,janetmurraygreens,
Janine Vander Ven,Janine,Vander Ven,AUC,Brand,False,,,,
Jason Ball,Jason,Ball,GRN,Higgins,False,http://greens.org.au/,jasonballau,jasonballau,jasonballau
Jason Clare,Jason,Clare,ALP,Blaxland,True,,jasonclaremp,jasonclaremp,
Jason Cornelius,Jason,Cornelius,UAP,Watson,False,,,watson-uap-380844679376949,
Jason Falinski,Jason,Falinski,LIB,Mackellar,True,,jasonfalinskimp,jasonfalinskimp,
Jason Kennedy,Jason,Kennedy,GRN,Petrie,False,https://greens.org.au/qld/person/jason-kennedy,,jasonthegreens,
Jason Modica,Jason,Modica,IND,Mallee,False,https://www.jasonmodica.com.au/,modica4mallee,modica4mallee,modica4mallee
Jason Scanes,Jason,Scanes,ALP,Wide Bay,False,https://www.alp.org.au/our-people/our-people/jason-scanes/,,vote1jasonscanes,
Jason Wood,Jason,Wood,LIB,La Trobe,True,,jasonwood_mp,jasonwood.updates,jason_wood_mp
Jatinder Singh,Jatinder,Singh,UAP,Holt,False,,,,
Jay Dessi,Jay,Dessi,GRN,Lalor,False,https://greens.org.au/vic/person/jay-dessi,,jaydessigreensforlalor,
Jayden Rivera,Jayden,Rivera,GRN,Macarthur,False,https://greens.org.au/nsw/person/jayden-rivera,,jayden.rivera.thegreens,
Jeff Waddell,Jeff,Waddell,ONP,Monash,False,https://www.onenation.org.au/our-team/jeff-waddell/,,waddellformonash,
Jeffrey Robinson,Jeffrey,Robinson,UAP,Lalor,False,,,lalor-uap-820738134940863,
Jen Sackley,Jen,Sackley,UAP,Leichhardt,False,,,jensackleyuap,
Jennifer Van Den Broek,Jennifer,Van Den Broek,LIB,Holt,False,,,,
Jennifer Yang,Jennifer,Yang,ALP,Chisholm,False,https://www.alp.org.au/our-people/our-people/jennifer-yang/,,jenforchisholm,jenforchisholm
Jenny Game-Lopata,Jenny,Game-Lopata,GRN,Casey,False,https://greens.org.au/vic/person/jenny-game-lopata,,,
Jenny Macklin,Jenny,Macklin,ALP,Jagajaga,True,,,jennymacklinmp,
Jeremy Hearn,Jeremy,Hearn,LIB,Isaacs,False,https://vic.liberal.org.au/JeremyHearn,,jeremy-hearn-liberal-for-isaacs-814537065565580,
Jeremy Miller,Jeremy,Miller,IND,Lyne,False,https://www.jeremyforlyne.com/,jeremyforlyne,jeremyforlyne,jeremyforlyne
Jerome Small,Jerome,Small,VS,Calwell,False,https://www.victoriansocialists.org.au/,,,
Jess Jennings,Jess,Jennings,ALP,Calare,False,,,jessjennings72,
Jesse Hutchinson,Jesse,Hutchinson,GRN,Fremantle,False,https://greens.org.au/wa/person/jesse-hutchinson,,jesseforfremantle,
Jessica O'Donnell,Jessica,O'Donnell,ALP,Monash,False,https://www.alp.org.au/our-people/our-people/jessica-odonnell/,crodonnell,labor4mcmillan,labor4monash
Jessica Whelan,Jessica,Whelan,LIB,Lyons,False,,,jessicawhelanlyons,jessicawhelanliberalforlyons
Jilly Pilon,Jilly,Pilon,LIB,Dobell,False,https://nsw.liberal.org.au/JillyPilon,,jillypilonfordobell,
Jim Casey,Jim,Casey,GRN,Grayndler,False,https://greens.org.au/nsw/person/jim-casey,,jimcaseygreens,
Jim Chalmers,Jim,Chalmers,ALP,Rankin,True,,jechalmers,jim4rankin,
Jim Grayden,Jim,Grayden,LIB,Perth,False,,,jim4perth,jimgrayden4perth
Jim Saleam,Jim,Saleam,AFN,Lindsay,False,https://australiafirstparty.net/campaigns/2019-campaigns/,,dr-jim-saleam-for-cootamundra-for-an-ideological-revolution-533489096994770,
Jin Luan,Jin,Luan,UAP,Hotham,False,,,jinluanuap,
Jo Briskey,Jo,Briskey,ALP,Bonner,False,https://www.jobriskey.com.au/,jobriskey,briskeyj,jobriskey
Joanne Ryan,Joanne,Ryan,ALP,Lalor,True,,joanneryanlalor,joanneryanlalor,
Jodie Moffat,Jodie,Moffat,GRN,Canning,False,https://greens.org.au/candidates/canning,,jodieforcanning,
Jody Freeman,Jody,Freeman,GRN,Brand,False,https://greens.org.au/wa/person/jody-freeman,,jodyforbrand,
Joel Fitzgibbon,Joel,Fitzgibbon,ALP,Hunter,True,,fitzhunter,joelfitzgibbonmp,
Johani Mamid,Johani,Mamid,GRN,Durack,False,https://greens.org.au/wa/person/johani-mamid,,johanifordurack,
John Alexander,John,Alexander,LIB,Bennelong,True,,jaforbennelong,johnalexandermp,johnalexander
John Hassell,John,Hassell,NAT,O'Connor,False,,,hasselloconnor,
John MacKenzie,John,MacKenzie,GRN,Newcastle,False,https://greens.org.au/nsw/person/john-mackenzie,,johnmackenzie4newcastle,
John McSweyn,John,McSweyn,UAP,Cook,False,,,cook-uap-1768761909895785,
John McVeigh,John,McVeigh,LNP,Groom,True,,johnjmcveigh,johnmcveighmp,
John Meyer,John,Meyer,GRN,Lilley,False,https://greens.org.au/qld/person/john-meyer,,johnmeyergreens,
John Mudge,John,Mudge,UAP,Page,False,,,page-uap-560363594483617,
Jon Doig,Jon,Doig,GRN,Cook,False,https://greens.org.au/nsw/person/jon-doig,,jondoiggreens,
Jonathan Davis,Jonathan,Davis,GRN,Bean,False,https://greens.org.au/act/person/johnathan-davis,jdaviscbr,jdaviscbr,
Jono Young,Jono,Young,PROG,Longman,False,https://www.progressives.org.au/our-people/,,,
Joseph Ellul,Joseph,Ellul,UAP,Hinkler,False,,,josephelulluap,
Joseph O'Connor,Joseph,O'Connor,UAP,Chifley,False,,,,
Josh Angus,Josh,Angus,NAT,Hunter,False,,,joshangusnationals,
Josh Burns,Josh,Burns,ALP,Macnamara,False,https://www.alp.org.au/our-people/our-people/josh-burns/,josh4macnamara,joshformacnamara,joshformacnamara
Josh Frydenberg,Josh,Frydenberg,LIB,Kooyong,True,,joshfrydenberg,joshfrydenbergmp,josh.frydenberg.mp
Josh Wilson,Josh,Wilson,ALP,Fremantle,True,,josh4freo,josh4fremantle,josh4fremantle
Joshua Jabbour,Joshua,Jabbour,UAP,Fowler,False,,,fowler-uap-371889656983216,
Joshua Sinclair,Joshua,Sinclair,ALP,Flinders,False,,,sinclairforflinders,
Joshua Wallace,Joshua,Wallace,UAP,Wannon,False,,,joshuawallaceuap,
Judith Cullity,Judith,Cullity,GRN,Stirling,False,https://greens.org.au/wa/person/judith-cullity,,judithforstirling,
Julia Banks,Julia,Banks,IND,Flinders,True,https://flinders.juliabanks.com.au/,juliabanksmp,info.juliabanksforflinders,
Julian Burnside,Julian,Burnside,GRN,Kooyong,False,https://greens.org.au/vic/person/julian-burnside,julianburnside,julianburnsideofficial,
Julian Hill,Julian,Hill,ALP,Bruce,True,,julianhillmp,julianhillmp,
Julian Leeser,Julian,Leeser,LIB,Berowra,True,,julianleeser,julianleesermp,julianleeser
Julian Simmonds,Julian,Simmonds,LNP,Ryan,False,,,simmonds4ryan,
Julie Bishop,Julie,Bishop,LIB,Curtin,True,,juliebishopmp,jbishopmp,juliebishopmp
Julie Collins,Julie,Collins,ALP,Franklin,True,,juliecollinsmp,juliecollinsmp,
Julie McGlone,Julie,McGlone,ALP,Fairfax,False,https://www.alp.org.au/our-people/our-people/julie-mcglone/,,fairgo4fairfax,
Julie Owens,Julie,Owens,ALP,Parramatta,True,,julieowensmp,julie.owens.mp,
Juniper Shaw,Juniper,Shaw,GRN,Clark,False,https://greens.org.au/tas/person/juniper-shaw,,juniperforclark,juniperforclark
Justine Elliot,Justine,Elliot,ALP,Richmond,True,,jelliotmp,justineelliotmp,jelliotmp
Justine Keay,Justine,Keay,ALP,Braddon,True,,justinekeay,keayforbraddon,
Kadira Pethiyagoda,Kadira,Pethiyagoda,ALP,Aston,False,,kpethiyagoda,drkadirapethiyagoda,
Kagiso Ratlhagane,Kagiso,Ratlhagane,PROG,Fenner,False,https://www.progressives.org.au/our-people/,,,
Karen Andrews,Karen,Andrews,LNP,McPherson,True,http://www.karenandrewsmp.com.au/,karenandrewsmp,karenandrewsmp,
Karen McAloon,Karen,McAloon,GRN,Ballarat,False,https://greens.org.au/vic/person/karen-mcaloon,,karenmcaloongreens,
Karin Bolton,Karin,Bolton,ALP,Grey,False,https://www.alp.org.au/our-people/our-people/karin-bolton/,,laborforgrey,
Kate Ashmor,Kate,Ashmor,LIB,Macnamara,False,,,kateashmorformacnamara,
Kate Ellis,Kate,Ellis,ALP,Adelaide,True,,kateellismp,kateellismp,
Kate Spaulding,Kate,Spaulding,UAP,Braddon,False,,,,
Kate Thwaites,Kate,Thwaites,ALP,Jagajaga,False,,,kate4jagajaga,kate_thwaites_labor
Kath Larkin,Kath,Larkin,VS,Cooper,False,https://www.victoriansocialists.org.au/,,,
Kathy Ganley,Kathy,Ganley,CLP,Solomon,False,http://www.countryliberal.org/kathyganley.html,,kathyganleysolomon,ganley4solomon
Katie Allen,Katie,Allen,LIB,Higgins,False,,,katieallenforhiggins,
Katrina Hodgkinson,Katrina,Hodgkinson,NAT,Gilmore,False,,,katrinahoddy,
Katrina McGill,Katrina,McGill,LIB,Shortland,False,https://nsw.liberal.org.au/NellMcGill,,nellmcgillforshortland,
Katrina Wark,Katrina,Wark,LIB,Newcastle,False,https://nsw.liberal.org.au/KatrinaWark,,katrinawarkfornewcastle,
Keith Kerr,Keith,Kerr,CEC,Calwell,False,,,,
Keith Pitt,Keith,Pitt,LNP,Hinkler,True,https://keithpitt.com.au/,keithjpitt,keithpittmp,
Kelly Gladigau,Kelly,Gladigau,CA,Barker,False,https://centrealliance.org.au/candidates/barker/,,,
Kelly O'Dwyer,Kelly,O'Dwyer,LIB,Higgins,True,,kellyodwyer,kellyodwyerau,kellyodwyermp
Ken O'Dowd,Ken,O'Dowd,LNP,Flynn,True,https://www.kenodowd.com.au/,kenodowdmp,kodowdmpflynn,
Ken Wyatt,Ken,Wyatt,LIB,Hasluck,True,,kenwyattmp,kenwyattmp,
Kenneth Law,Kenneth,Law,UAP,Groom,False,,,kenlawuap,
Kerri Brewer,Kerri,Brewer,UAP,Gippsland,False,,,kerribreweruap,
Kerryn Phelps,Kerryn,Phelps,IND,Wentworth (*),True,,,,
Kevin Andrews,Kevin,Andrews,LIB,Menzies,True,,kevinandrewsmp,kevinandrewsmp,
Kevin Hogan,Kevin,Hogan,NAT,Page,True,http://nationals.org.au/candidates/,kevinhoganmp,kevinhoganmp,
Kevin Host,Kevin,Host,AUC,Stirling,False,,,,
Kevin Mack,Kevin,Mack,IND,Farrer,False,http://kevinmack.com.au/,,,
Kieran Drabsch,Kieran,Drabsch,ALP,Farrer,False,https://www.alp.org.au/our-people/our-people/kieran-drabsch/,,yrvlive,fairerfarrer
Kim Travers,Kim,Travers,ALP,Pearce,False,https://www.alp.org.au/our-people/our-people/kim-travers/,,kimtraversforpearce,
Kingsley Liu,Kingsley,Liu,GRN,Macquarie,False,https://greens.org.au/nsw/person/kingsley-liu,,kingsleyliugreens,
Kirsty Petersen,Kirsty,Petersen,GRN,Forde,False,https://greens.org.au/qld/person/kirsty-petersen,,kirstythegreens,
Kit Darko,Kit,Darko,GRN,Franklin,False,https://greens.org.au/tas/person/kit-darko,,kitdarkoforfranklin,
Kristyn Glanville,Kristyn,Glanville,GRN,Warringah,False,https://greens.org.au/nsw/person/kristyn-glanville,ikkyg,kristynglanville,
Larry Crouch,Larry,Crouch,UAP,Ryan,False,,,larrycrouchuap,
Laura Curran,Laura,Curran,LIB,Kingston,False,,,,
Lauren Sherson,Lauren,Sherson,LIB,Melbourne,False,https://vic.liberal.org.au/LaurenSherson,,laurenshersonformelbourne,
Lawrence Murphy,Lawrence,Murphy,GRN,Mitchell,False,https://greens.org.au/nsw/person/lawrence-murphy,,,
Lawrence Pope,Lawrence,Pope,AJP,Melbourne,False,https://www.ajpvic.org.au/2019_federal_election_candidates,,,
Leanne Castley,Leanne,Castley,LIB,Fenner,False,,,leannecastleyliberal,
Lee-Anne Miles,Lee-Anne,Miles,GRN,Hasluck,False,https://greens.org.au/wa/person/lee-anne-miles,,leeannforhasluck,
Leigh Firman,Leigh,Firman,SCP,Mallee,False,,,,
Lex Stewart,Lex,Stewart,UAP,Cowper,False,,,cowper-uap-968889129987951,
Libby Coker,Libby,Coker,ALP,Corangamite (*),False,https://www.alp.org.au/our-people/our-people/libby-coker/,libbycokerlabor,libbyforcorangamite,libbyforcorangamite
Liberty Cramer,Liberty,Cramer,GRN,Swan,False,https://greens.org.au/wa/person/liberty-cramer,,libertyforswan,libertyforswan
Linda Burney,Linda,Burney,ALP,Barton,True,,lindaburneymp,lindaburneymp,lindaburneymp
Linda Little,Linda,Little,ALP,Maranoa,False,,,lindalittlealp,
Lindsay Sturgeon,Lindsay,Sturgeon,UAP,Capricornia,False,,,lindsaysturgeonuap,
Lisa Bentley,Lisa,Bentley,UAP,Gellibrand,False,,,lisabentleyuap,
Lisa Chesters,Lisa,Chesters,ALP,Bendigo,True,,lmchesters,lisachestersbendigo,
Livingston Chettipally,Livingston,Chettipally,LIB,Chifley,False,https://nsw.liberal.org.au/LivingstonChettipally,,livingston-chettipally-for-chifley-1187255388115914,
Llew O'Brien,Llew,O'Brien,LNP,Wide Bay,True,http://www.llewobrien.com.au/,llewobrienmp,llewobrienlnp,
Louise Stewart,Louise,Stewart,IND,Curtin,False,https://louisestewart.com.au/,1louisestewart,vote4lou,vote4lou
Lucy Wicks,Lucy,Wicks,LIB,Robertson,True,,lucywicksmp,lucywicksmp,
Luke Arthur,Luke,Arthur,GRN,Chisholm,False,https://greens.org.au/vic/person/luke-arthur,,lukearthurofficial,
Luke Creasey,Luke,Creasey,ALP,Melbourne,False,https://www.alp.org.au/our-people/our-people/luke-creasey/,creaseyluke,creasey.luke,
Luke Gosling,Luke,Gosling,ALP,Solomon,True,,@lukejgosling,lukejgosling,
Luke Hartsuyker,Luke,Hartsuyker,NAT,Cowper,True,,luke_hartsuyker,luke.hartsuyker.mp,
Luke Howarth,Luke,Howarth,LNP,Petrie,True,http://lukehowarth.com.au/,lukehowarthmp,lukehowarthmp,
Luz Stanton,Luz,Stanton,ALP,Fadden,False,https://www.alp.org.au/our-people/our-people/luz-stanton/,,luzstantonalp,
Lyle Burness,Lyle,Burness,GRN,Kennedy,False,https://greens.org.au/qld/person/lyle-burness,,lyle.thegreens,
Lynda Abdo,Lynda,Abdo,UAP,Hume,False,,,hume-uap-325544931412311,
Madeleine King,Madeleine,King,ALP,Brand,True,,madeleinemhking,madeleinekinglaborforbrand,
Magdaleen Strauss,Magdaleen,Strauss,AUC,Pearce,False,,,,
Majella Morello,Majella,Morello,SCP,Grayndler,False,,,,
Majella Zimpel,Majella,Zimpel,UAP,Blair,False,,,majellazimpeluap,
Manju Venkataswamappa,Manju,Venkataswamappa,UAP,Wills,False,,,,
Mara Krischker,Mara,Krischker,UAP,Fadden,False,,,fadden-uap-2183939365254763,
Marcus Versace,Marcus,Versace,UAP,Bradfield,False,,,bradfield-uap-324204374889475,
Maria Rigoni,Maria,Rigoni,UAP,Jagajaga,False,,,mariarigoniuap,
Maria Vamvakinou,Maria,Vamvakinou,ALP,Calwell,True,,mariavamvakinou,mariavamvakinou,
Marion Boswell,Marion,Boswell,ALP,Tangney,False,https://www.alp.org.au/our-people/our-people/marion-boswell/,,marionboswellfortangney,
Mark Butler,Mark,Butler,ALP,Hindmarsh,True,,mark_butler_mp,markbutlermp,
Mark Byatt,Mark,Byatt,NAT,Indi,False,,,markbyatt.nationals,
Mark Cooper,Mark,Cooper,GRN,Cowan,False,https://greens.org.au/wa/person/mark-cooper,,markforcowan,
Mark Coulton,Mark,Coulton,NAT,Parkes,True,http://nationals.org.au/candidates/,markcoultonmp,mark.coulton.1,
Mark Dreyfus,Mark,Dreyfus,ALP,Isaacs,True,,markdreyfusqcmp,markdreyfus,
Mark Jeffreson,Mark,Jeffreson,ALP,Riverina,False,,,markforriverina,
Mark Staer,Mark,Staer,AUC,Tangney,False,,,,
Mark Tyndall,Mark,Tyndall,IND,Lindsay,False,https://marktyndall.com.au/,working4lindsay,working4lindsay,working4lindsay
Martin Spencer,Martin,Spencer,GRN,Tangney,False,https://greens.org.au/wa/person/martin-spencer,,martinfortangney,
Matt Farrell,Matt,Farrell,GRN,Hindmarsh,False,https://greens.org.au/sa/person/matt-farrell,,matt.farrell.green.as,matty_farrell_green_as
Matt Keogh,Matt,Keogh,ALP,Burt,True,,mattkeogh,keoghmatthew,
Matt Thistlethwaite,Matt,Thistlethwaite,ALP,Kingsford Smith,True,,mthistlethwaite,thistlethwaitem,
Matthew Fraser,Matthew,Fraser,NAT,Richmond,False,,,matthewfraserforrichmond,
Matthew Sherry,Matthew,Sherry,UAP,Monash,False,,,matthewsherryuap,
Matthew Sirianni-Duffy,Matthew,Sirianni-Duffy,UAP,Aston,False,,,matthewsirianniduffyuap,
Matthew Thompson,Matthew,Thompson,GRN,Sydney,False,https://greens.org.au/nsw/person/matthew-thompson,matthewtgreens,matthewtgreens,matthewtgreens
Matthew Thomson,Matthew,Thomson,ONP,Longman,False,https://www.onenation.org.au/our-team/matthew-thomson/,,thomsonforlongman,
Matthew Tomlinson,Matthew,Tomlinson,KAP,Wright,False,https://www.kap.org.au/wright/,,,
Maurice Billi,Maurice,Billi,ALP,Wannon,False,https://www.alp.org.au/our-people/our-people/maurice-billi/,,wannonlabor,
Max Chandler-Mather,Max,Chandler-Mather,GRN,Griffith,False,https://www.maxforgriffith.com/,mchandlermather,mchandlermather,mchandlermather
Melissa McIntosh,Melissa,McIntosh,LIB,Lindsay,False,,,melissamcintoshforlindsay,
Melissa Price,Melissa,Price,LIB,Durack,True,,,,
Melita Markey,Melita,Markey,ALP,Stirling,False,https://www.alp.org.au/our-people/our-people/melita-markey/,,laborforstirling,
Mellisa Teede,Mellisa,Teede,ALP,Canning,False,,,laborforcanning,
Meryl Swanson,Meryl,Swanson,ALP,Paterson,True,,merylswanson,merylswanson,merylswanson
Michael Bayles,Michael,Bayles,GRN,Riverina,False,https://greens.org.au/nsw/person/michael-bayles,,,
Michael Danby,Michael,Danby,ALP,Macnamara,True,,michaeldanbymp,michael.danby.39,
Michael Keenan,Michael,Keenan,LIB,Stirling,True,,michaelkeenanmp,michaelkeeenanmp,
Michael McCormack,Michael,McCormack,NAT,Riverina,True,http://nationals.org.au/candidates/,m_mccormackmp,michaelmccormackmp,m_mccormackmp
Michael Sukkar,Michael,Sukkar,LIB,Deakin,True,,michaelsukkarmp,michael.sukkar.mp,michaelsukkarmp
Michelle Duncan,Michelle,Duncan,GRN,Blair,False,https://greens.org.au/qld/person/michelle-duncan,,michelleduncangreens,
Michelle Landry,Michelle,Landry,LNP,Capricornia,True,,mlandrymp,michellelandrymp,
Michelle Rowland,Michelle,Rowland,ALP,Greenway,True,,mrowlandmp,mrowlandmp,mrowlandmp
Mick Warne,Mick,Warne,UAP,Lyons,False,,,,
Mike Bloomfield,Mike,Bloomfield,UAP,Wentworth (*),False,,,wentworth-uap-655239754879258,
Mike Dale,Mike,Dale,UAP,Hasluck,False,,,hasluck-uap-553696148457608,
Mike Freelander,Mike,Freelander,ALP,Macarthur,True,,,,
Mike Kelly,Mike,Kelly,ALP,Eden-Monaro,True,,mikekellyofem,mikekellyedenmonaro,
Mike Rose,Mike,Rose,UAP,Farrer,False,,,farrer-uap-2202628733324701,
Miles Hannemann,Miles,Hannemann,NAT,Barker,False,http://nationals.org.au/nationals-endorse-miles-hannemann-for-barker/,,sanationals,
Milton Dick,Milton,Dick,ALP,Oxley,True,,miltondickmp,miltondickmp,
Milton Leslight,Milton,Leslight,UAP,Gilmore,False,,,gilmore-uap-261516698108291,
Milton Wilde,Milton,Wilde,UAP,Deakin,False,,,deakin-uap-392231338220290,
Mina Zaki,Mina,Zaki,LIB,Canberra,False,,,minazakiliberal,minazakiliberal
Mitchell Shakespeare,Mitchell,Shakespeare,GRN,Hughes,False,https://greens.org.au/nsw/person/mitchell-shakespeare,,mitchell.shakespeare.1,
Mohammad Zaman,Mohammad,Zaman,LIB,Watson,False,https://nsw.liberal.org.au/MohammadZaman,,mohammadzamanforwatson,
Mohammed Yasin,Mohammed,Yasin,UAP,Reid,False,,,reid-uap-353927965458985,
Mohanadas Balasingham,Mohanadas,Balasingham,UAP,Mitchell,False,,,mitchell-uap-542448126266754,
Monica Tan,Monica,Tan,GRN,Berowra,False,https://greens.org.au/nsw/person/monica-tan,,hello.monicatan,hello.monicatan
Mubahil Ahmed,Mubahil,Ahmed,UAP,Bruce,False,,,mubahilahmeduap,
Nadeem Ashraf,Nadeem,Ashraf,UAP,Blaxland,False,,,blaxland-uap-336594956959231,
Nadia Clancy,Nadia,Clancy,ALP,Boothby,False,,,nadiaclancyforboothby,nadiaclancy
Nadine Richings,Nadine,Richings,AJP,Cooper,False,https://www.ajpvic.org.au/2019_federal_election_candidates,,,
Nanette Radeck,Nanette,Radeck,KAP,Herbert,False,https://www.kap.org.au/herbert/,,,
Naomi Adams,Naomi,Adams,AJP,Corangamite (*),False,https://www.ajpvic.org.au/2019_federal_election_candidates,,,
Nathan Di Noia,Nathan,Di Noia,LIB,Gorton,False,https://vic.liberal.org.au/NathanDiNoia,,nathan-di-noia-liberal-for-gorton-964791600578719,
Nathan Lesslie,Nathan,Lesslie,GRN,Flinders,False,https://greens.org.au/vic/person/nathan-lesslie,,nathanlesslieflinders,
Nathan Murphy,Nathan,Murphy,UAP,Macarthur,False,,,macarthur-uap-304981923551043,
Neil Baker,Neil,Baker,GRN,McEwen,False,https://greens.org.au/vic/person/neil-barker,,,
Neil Cotter,Neil,Cotter,GRN,Rankin,False,https://greens.org.au/qld/person/neil-cotter,neilcotter,neil.cotter.greens,
Neil Harvey,Neil,Harvey,UAP,Corangamite (*),False,,,neilharveyuap,
Neil Turner,Neil,Turner,ONP,Paterson,False,https://www.onenation.org.au/our-team/neil-turner/,,turnerforpaterson,
Nelson Blake Gilmour,Nelson Blake,Gilmour,GRN,O'Connor,False,https://greens.org.au/wa/person/nelson-blake-gilmour,,nelsonforoconnor,
Nerilee Boshammer,Nerilee,Boshammer,GRN,Forrest,False,https://greens.org.au/wa/person/nerilee-boshammer,,nerileeboshammergreensforforrest,
Nick Best,Nick,Best,GRN,Lindsay,False,https://greens.org.au/nsw/person/nick-best,,,
Nick Champion,Nick,Champion,ALP,Spence,True,,nickchampionmp,nickchampionmp,
Nickee Freeman,Nickee,Freeman,GRN,Nicholls,False,https://greens.org.au/vic/person/nickee-freeman,,,
Nicole Robins,Nicole,Robins,LIB,Fremantle,False,,,nicole4freo,
Nicole Rowan,Nicole,Rowan,GRN,Mallee,False,https://greens.org.au/vic/person/nicole-rowan,,nicolerowangreens,
Nicole West,Nicole,West,UAP,Moreton,False,,,,
Nicolle Flint,Nicolle,Flint,LIB,Boothby,True,,nicolleflint,nicolleflintliberal,
Nikhil Aai Reddy,Nikhil Aai,Reddy,ONP,Petrie,False,https://www.onenation.org.au/our-team/nikhil-aai-reddy-petrie/,,reddyforpetrie,
Nikki Mortier,Nikki,Mortier,GRN,Kingston,False,https://greens.org.au/sa/person/nikki-mortier,,,
Nola Marino,Nola,Marino,LIB,Forrest,True,,nolamarinomp,nola.marino.mp,
Oliver Yates,Oliver,Yates,IND,Kooyong,False,https://www.oliveryates.com/,_oliver_yates,oliver-yates-228375838098437,
Olivia Roberts,Olivia,Roberts,LNP,Griffith,False,,,olivia4griffith,
Paris King Orsborn,Paris,King Orsborn,UAP,Grayndler,False,,,grayndler-uap-397819421047414,
Pat Conroy,Pat,Conroy,ALP,Shortland,True,,patconroy1,patconroymp,patconroymp
Patrick Conaghan,Patrick,Conaghan,NAT,Cowper,False,,,patrick-conaghan-candidate-for-cowper-1159459864219222,
Patrick Deegan,Patrick,Deegan,ALP,Page,False,,,patrick4page,
Patrick Gorman,Patrick,Gorman,ALP,Perth,True,https://www.alp.org.au/our-people/our-people/patrick-gorman/,mrpatrickgorman,patrickforperth,mrpatrickgorman
Patrick McGinlay,Patrick,McGinlay,GRN,Eden-Monaro,False,https://greens.org.au/nsw/person/pat-mcginlay,,,
Patsy O'Brien,Patsy,O'Brien,GRN,Moreton,False,https://greens.org.au/qld/person/patsy-obrien,,patsygreens,patsyformoreton
Paul Bambrick,Paul,Bambrick,GRN,Capricornia,False,http://greens.org.au/,,,
Paul Boundy,Paul,Boundy,GRN,Sturt,False,https://greens.org.au/sa/person/paul-boundy,,,
Paul Creighton,Paul,Creighton,UAP,Forde,False,,,paulcreightonuap,
Paul Davies,Paul,Davies,UAP,Hunter,False,,,hunter-uap-2145278145562060,
Paul Fletcher,Paul,Fletcher,LIB,Bradfield,True,,paulfletchermp,paulfletchermp,
Paul Henselin,Paul,Henselin,ONP,Fairfax,False,https://www.onenation.org.au/our-team/paul-henselin/,,henselinforfairfax,
Paul Kennedy,Paul,Kennedy,GRN,Jagajaga,False,https://greens.org.au/vic/person/paul-kennedy,,paul-kennedy-greens-for-jagajaga-571049176696511,
Paul Monaghan,Paul,Monaghan,LAL,Fisher,False,http://www.loveaustraliaorleave.com.au/candidates.html,loveausorleave,love-australia-or-leave-192189997783220,
Paul Newbury,Paul,Newbury,ALP,Brisbane,False,,paulnewburyalp,paulnewburyalp,paulnewburyalp
Peta Murphy,Peta,Murphy,ALP,Dunkley (*),False,https://www.alp.org.au/our-people/our-people/peta-murphy/,,petamurphydunkley,petamurphylabordunkley
Peter Bain,Peter,Bain,LIB,Fraser,False,https://vic.liberal.org.au/PeterBain,,,
Peter Cossar,Peter,Cossar,ALP,Ryan,False,,,arealvoiceforryan,
Peter Cozyn,Peter,Cozyn,UAP,Ballarat,False,,,petercozynuap,
Peter Dutton,Peter,Dutton,LNP,Dickson,True,https://www.peterdutton.com.au/,peterdutton_mp,peterduttonmp,
Peter Khalil,Peter,Khalil,ALP,Wills,True,https://www.alp.org.au/our-people/our-people/peter-khalil/,peterkhalilmp,peterkhalilwillslabor,
Peter McLernon,Peter,McLernon,UAP,Swan,False,,,swan-uap-589317531541231,
Peter Salerno,Peter,Salerno,UAP,Boothby,False,,,boothby-uap-620968371687325,
Peter Schuback,Peter,Schuback,AFN,Longman,False,https://australiafirstparty.net/campaigns/2019-campaigns/,,dr-jim-saleam-for-cootamundra-for-an-ideological-revolution-533489096994770,
Peter Swift,Peter,Swift,WAP,O'Connor,False,https://westernaustraliaparty.org.au/,,,
Peter Vagg,Peter,Vagg,UAP,North Sydney,False,,,north-sydney-uap-600598713741464,
Peter Walter,Peter,Walter,UAP,Canberra,False,,,canberra-uap-2162889784041204,
Peter Westcott,Peter,Westcott,UAP,Cowan,False,,,cowan-uap-2066966700051740,
Peter Xing,Peter,Xing,SCP,Bennelong,False,,,,
Petrus Van Der Steen,Petrus,Van Der Steen,UAP,Parkes,False,,,parkes-uap-628879607561645,
Phil Bradley,Phil,Bradley,GRN,Parramatta,False,https://greens.org.au/nsw/person/phil-bradley,,greens4parramatta,
Phil Costa,Phil,Costa,ALP,Lyne,False,https://www.alp.org.au/our-people/our-people/phil-costa/,,,
Phill Parsons,Phill,Parsons,GRN,Braddon,False,https://greens.org.au/tas/person/phill-parsons,,phill-parsons-greens-candidate-for-braddon-408712186612901,
Phillip Fusco,Phillip,Fusco,LIB,McEwen,False,,,,
Phillip Thompson,Phillip,Thompson,LNP,Herbert,False,https://www.lnp.org.au/phillip-thompson/,,,
Pru Wawm,Pru,Wawm,GRN,Mackellar,False,https://greens.org.au/nsw/person/pru-wawn,,pruwawngreens,
Qiu Yue (Viki) Zhang,Qiu Yue (Viki),Zhang,GRN,Bennelong,False,https://greens.org.au/nsw/person/qiu-yue-viki-zhang,,qiuyuezhangviki,
Raj Samson,Raj,Samson,UAP,Solomon,False,,,solomon-uap-1707778972657321,
Ray Kingston,Ray,Kingston,IND,Mallee,False,https://www.raykingston.com.au/,,,
Raymond Zeng,Raymond,Zeng,SCP,Watson,False,,,,
Rebecca Scorgie,Rebecca,Scorgie,GRN,Fraser,False,https://greens.org.au/vic/person/rebecca-scorgie,,,
Rebekha Sharkie,Rebekha,Sharkie,CA,Mayo,True,,,,
Reginald Wright,Reginald,Wright,UAP,Banks,False,,,banks-uap-759095944465289,
Rex Host,Rex,Host,AUC,Moore,False,,,,
Richard Foley,Richard,Foley,UAP,Riverina,False,,,riverina-uap-379430626230003,
Richard Marles,Richard,Marles,ALP,Corio,True,,richardmarlesmp,richardmarlesmp,
Richard Pascoe,Richard,Pascoe,ALP,Hinkler,False,https://www.alp.org.au/our-people/our-people/richard-pascoe/,,richardpascoelabor,
Richard Turton,Richard,Turton,UAP,Gorton,False,,,richardturtonuap,
Richard Welch,Richard,Welch,LIB,Jagajaga,False,https://vic.liberal.org.au/RichardWelch,,richard-welch-liberal-for-jagajaga-1087509334767867,
Rick Millar,Rick,Millar,UAP,Mallee,False,,,rickimillaruap,
Rick Wilson,Rick,Wilson,LIB,O'Connor,True,,,rickwilsonmp,rickwilsonmp
Riley Munro,Riley,Munro,LIB,Macarthur,False,https://nsw.liberal.org.au/Library/Members/Federal/Riley-Munro,,,
Rob Mitchell,Rob,Mitchell,ALP,McEwen,True,,robmitchellmp,113830088678537,
Rob Oakeshott,Rob,Oakeshott,IND,Cowper,False,https://www.oakeshott.com.au/,roboakeshott1,roboakeshott1,roboakeshott1
Robert Forster,Robert,Forster,UAP,Pearce,False,,,,
Robert Holian,Robert,Holian,GRN,Bendigo,False,https://greens.org.au/vic/person/robert-holian,,,
Robert Humphreys,Robert,Humphreys,GRN,Menzies,False,https://greens.org.au/vic/person/robert-humphreys,,,
Robert Knight,Robert,Knight,PROG,Canberra,False,https://www.progressives.org.au/our-people/,,,
Robert Marks,Robert,Marks,UAP,Robertson,False,,,robertson-uap-653545738396967,
Robert Shearman,Robert,Shearman,LNP,Blair,False,https://www.liberal.org.au/member/robert-shearman,,10157009666402464,
Rod Chilcott,Rod,Chilcott,UAP,Moore,False,,,moore-uap-2059913997458326,
Rod Whitfield,Rod,Whitfield,AJP,Scullin,False,https://www.ajpvic.org.au/2019_federal_election_candidates,,,
Ron Fielder,Ron,Fielder,UAP,Spence,False,,,,
Ronald Jean,Ronald,Jean,UAP,Dunkley (*),False,,,ronaldjeanuap,
Rosa Hillam,Rosa,Hillam,GRN,Barker,False,https://greens.org.au/sa/person/rosa-hillam,,rosa-hillam-greens-federal-candidate-for-barker-705881033079585,
Rosemary Moulden,Rosemary,Moulden,ONP,Maranoa,False,https://www.onenation.org.au/our-team/rosemary-moulden-maranoa/,,mouldenformaranoa,
Rosie Lavin,Rosie,Lavin,AJP,Chisholm,False,https://www.ajpvic.org.au/2019_federal_election_candidates,,,
Ross Hamilton,Ross,Hamilton,SAP,Farrer,False,https://www.sustainableaustralia.org.au/federal_2019,,,
Ross Hart,Ross,Hart,ALP,Bass,True,,rosshartmp,rosshartmp,
Ross Vasta,Ross,Vasta,LNP,Bonner,True,https://www.rossvasta.com.au/,,rossvastamp,rossvastamp
Rowan Huxtable,Rowan,Huxtable,GRN,Cunningham,False,https://greens.org.au/nsw/person/rowan-huxtable,,illawarragreens,
Rowan Ramsey,Rowan,Ramsey,LIB,Grey,True,,rowanramseymp,rowanramseymp,
Rupert Bacher,Rupert,Bacher,UAP,Barker,False,,,barker-uap-327249241235264,
Russell Bauer,Russell,Bauer,LNP,Oxley,False,,,,
Russell Broadbent,Russell,Broadbent,LIB,Monash,True,,broadbentmp,russell.broadbent.94,
Russell Robertson,Russell,Robertson,ALP,Capricornia,False,,,rrobertsonalp,
Ruth Parramore,Ruth,Parramore,AJP,McEwen,False,https://www.ajpvic.org.au/2019_federal_election_candidates,,,
Sachin Joshi,Sachin,Joshi,LIB,Paterson,False,https://nsw.liberal.org.au/SachinJoshi,,sachinjoshiforpaterson,
Sahil Chawla,Sahil,Chawla,UAP,Burt,False,,,sahilchawlauap,
Sally Milbourne,Sally,Milbourne,NAT,Braddon,False,http://nationals.org.au/sally-milbourne-to-contest-braddon-for-the-nationals/,,,
Sally Spain,Sally,Spain,GRN,Moncrieff,False,https://greens.org.au/qld/person/sally-spain,,sallyspaingreens,
Sam Blackadder,Sam,Blackadder,GRN,Herbert,False,https://greens.org.au/qld/person/sam-blackadder,,samblackadder.thegreens,
Sam Crosby,Sam,Crosby,ALP,Reid,False,https://www.alp.org.au/our-people/our-people/sam-crosby/,sampcrosby,crosbyforreid,crosby
Sam Gayed,Sam,Gayed,LIB,Bendigo,False,,,,
Sam Kayal,Sam,Kayal,LIB,Werriwa,False,https://nsw.liberal.org.au/SamKayal,,,
Sandra Old,Sandra,Old,ONP,Pearce,False,https://www.onenation.org.au/our-team/sandra-old/,,oldforpearce,
Sarah Henderson,Sarah,Henderson,LIB,Corangamite (*),True,,shendersonmp,sarahhendersonmp,sarahhendersonmp
Sarah Richards,Sarah,Richards,LIB,Macquarie,False,,,sarahrichardsformacquarie,sarah_richards_macquarie
Sarwar Hasan,Sarwar,Hasan,UAP,Maribyrnong,False,,,sarwarhasanuap,
Saskia Gerhardy,Saskia,Gerhardy,ALP,Mayo,False,https://www.alp.org.au/our-people/our-people/saskia-gerhardy/,,saskiagerhardyformayo,
Scott Bourne,Scott,Bourne,NAT,Durack,False,,,scotty4durack,
Scott Buchholz,Scott,Buchholz,LNP,Wright,True,http://www.scottbuchholz.com.au/,scottbuchholzmp,sbuchholzmp,scottbuchholzmp
Scott Morrison,Scott,Morrison,LIB,Cook,True,,scottmorrisonmp,scottmorrison4cook,scottmorrisonmp
Scott Rickard,Scott,Rickard,GRN,Dobell,False,https://greens.org.au/nsw/person/scott-rickard,,,
Scott Turner,Scott,Turner,GRN,Fadden,False,https://greens.org.au/qld/person/scott-turner,,scottturner.greens,
Serge Petrovich,Serge,Petrovich,LIB,Mallee,False,,,,
Shane Clarke,Shane,Clarke,UAP,Bowman,False,,,shaneclarkeuap,
Shane Wheatland,Shane,Wheatland,UAP,Indi,False,,,shanewheatlanduap,
Shannon Girard,Shannon,Girard,GRN,Wright,False,https://greens.org.au/qld/person/shannon-girard,,shannongirard.greens,
Sharon Bell,Sharon,Bell,ONP,Blair,False,https://www.onenation.org.au/our-team/sharon-bell/,,bellforblair,
Sharon Bird,Sharon,Bird,ALP,Cunningham,True,,sharonbirdmp,sharon.bird.mp,
Sharon Claydon,Sharon,Claydon,ALP,Newcastle,True,,sharonclaydon,sharonclaydonfornewcastle,
Sharon Lohse,Sharon,Lohse,ONP,Flynn,False,https://www.onenation.org.au/our-team/sharon-lohse-flynn/,,lohseforflynn,
Sharyn Morrow,Sharyn,Morrow,ALP,Durack,False,https://www.alp.org.au/our-people/our-people/sharyn-morrow/,,,
Shaun Osborn,Shaun,Osborn,LIB,Adelaide,False,https://www.shaunosborn.com.au/,shaunosborn1,shaunosborn4adelaide,
Shayne Neumann,Shayne,Neumann,ALP,Blair,True,,shayneneumannmp,shayne-neumann-mp,
Sheila Mundy,Sheila,Mundy,ONP,Cowan,False,https://www.onenation.org.au/our-team/sheila-mundy/,,mundyforcowan,
Shelley Payne,Shelley,Payne,ALP,O'Connor,False,https://www.alp.org.au/our-people/our-people/shelley-payne/,,laborforoconnor,
Shireen Morris,Shireen,Morris,ALP,Deakin,False,https://www.alp.org.au/our-people/our-people/shireen-morris/,shireenmorrisms,shireenmorrisms,
Shyamal Reddy,Shyamal,Reddy,UAP,Rankin,False,,,,
Signe Westerberg,Signe,Westerberg,GRN,Werriwa,False,https://greens.org.au/nsw/person/signe-westerberg,,swesterberggreens,
Simon Curtis,Simon,Curtis,ALP,La Trobe,False,,simonforlatrobe,simoncurtislatrobe,
Simon Flitcroft,Simon,Flitcroft,UAP,Bonner,False,,,simonflitcroftuap,
Simon Northeast,Simon,Northeast,GRN,Corangamite (*),False,https://greens.org.au/vic/person/simon-northeast,,northeastfor.corangamite.5,
Simon O'Brien,Simon,O'Brien,ALP,Cook,False,https://www.alp.org.au/our-people/our-people/simon-obrien/,,,
Simone Collins,Simone,Collins,GRN,Burt,False,https://greens.org.au/wa/person/simone-collins,,simoneforburt,
Simone Dejun,Simone,Dejun,GRN,Longman,False,https://greens.org.au/qld/person/simone-dejun,,simonedejun,
Sophia Sun,Sophia,Sun,GRN,Deakin,False,https://greens.org.au/vic/person/sophia-sun,,,
Sophie Wade,Sophie,Wade,NAT,Eden-Monaro,False,,,sophiewade.edenmonaro,
Stef Rozitis,Stef,Rozitis,GRN,Boothby,False,https://greens.org.au/sa/person/stef-rozitis,,stef-rozitis-greens-candidate-for-boothby-469118146931866,
Stella Yee,Stella,Yee,ALP,Menzies,False,https://www.alp.org.au/our-people/our-people/stella-yee/,,stellaformenzies,
Steph Hodgins-May,Steph,Hodgins-May,GRN,Macnamara,False,https://stephhodginsmay.org.au/,vote1steph,stephforports,stephforports
Stephanie Stewart,Stephanie,Stewart,GRN,Makin,False,https://greens.org.au/sa/person/stephanie-stewart,,stephanie-stewart-greens-candidate-for-makin-2080100215387405,
Stephen Austin,Stephen,Austin,UAP,Dickson,False,,,stephenaustinuap,
Stephen Jones,Stephen,Jones,ALP,Whitlam,True,,stephenjonesmp,stephenjonesforthrosby,
Steve Georganas,Steve,Georganas,ALP,Adelaide,True,https://www.alp.org.au/our-people/our-people/steve-georganas/,stevegeorganas,steve.georganas,steve_georganas
Steve Irons,Steve,Irons,LIB,Swan,True,,steveironsmp,steveironsmp,steveironsmp
Steve Klomp,Steve,Klomp,AUC,Swan,False,,,,
Steve Martin,Steve,Martin,LIB,Indi,False,https://vic.liberal.org.au/SteveMartin,,tasmaniansenatorstevemartin,
Steve Veevers,Steve,Veevers,UAP,Canning,False,,,canning-uap-2068380516793035,
Steven Armstrong,Steven,Armstrong,SAP,Macnamara,False,https://www.sustainableaustralia.org.au/federal_2019,,,
Steven Ciobo,Steven,Ciobo,LNP,Moncrieff,True,,stevenciobo,stevenciobomp,stevenciobo
Steven D'Elia,Steven,D'Elia,UAP,Kooyong,False,,,,
Steven Purcell,Steven,Purcell,GRN,Oxley,False,https://greens.org.au/qld/person/steven-purcell,,stevenpurcell.qld,
Stewart Hine,Stewart,Hine,UAP,Nicholls,False,,,stewarthineuap,
Stuart Bonds,Stuart,Bonds,ONP,Hunter,False,https://www.onenation.org.au/our-team/stuart-bonds/,,bondsforhunter,
Stuart Robert,Stuart,Robert,LNP,Fadden,True,http://www.robert.com.au/,stuartrobertmp,sturobertmp,
Stuart Watson,Stuart,Watson,GRN,Lyne,False,https://greens.org.au/nsw/person/stuart-watson,,,
Sue Bertuch,Sue,Bertuch,UAP,Kennedy,False,,,suebertuchuap,
Sue Bolton,Sue,Bolton,VS,Wills,False,https://www.victoriansocialists.org.au/,,,
Sue Etheridge,Sue,Etheridge,GRN,Fairfax,False,https://greens.org.au/qld/person/sue-etheridge,,sueetheridgegreens,
Suellen Wrightson,Suellen,Wrightson,UAP,Warringah,False,,,warringah-uap-357393148193635,
Susan Jakobi,Susan,Jakobi,AFN,Lalor,False,https://australiafirstparty.net/campaigns/2019-campaigns/,,dr-jim-saleam-for-cootamundra-for-an-ideological-revolution-533489096994770,
Susan Lamb,Susan,Lamb,ALP,Longman,True,,susanlambmp,lambforlongman,
Susan Moylan-Coombs,Susan,Moylan-Coombs,IND,Warringah,False,https://www.susanmoylancoombs4warringah.com/,smoylancoombs,susan-moylan-coombs-warringah-2019-295993364383871,susanmoylancoombs
Susan Templeman,Susan,Templeman,ALP,Macquarie,True,,stemplemanmp,susan.templeman,
Sussan Ley,Sussan,Ley,LIB,Farrer,True,,sussanley,sussanleymp,sussanleymp
Tanya Plibersek,Tanya,Plibersek,ALP,Sydney,True,,tanya_plibersek,tanya.plibersek,
Ted O'Brien,Ted,O'Brien,LNP,Fairfax,True,http://www.tedobrien.com.au/,,tedobrienmp,
Terri Butler,Terri,Butler,ALP,Griffith,True,,terrimbutler,butler4griffith,
Terry Keep,Terry,Keep,UAP,Hughes,False,,,hughes-uap-2108630749258123,
Terry Young,Terry,Young,LNP,Longman,False,,,terry4longman,
Therese Faulkner,Therese,Faulkner,PROG,Bean,False,https://www.progressives.org.au/our-people/,,,
Tim Hollo,Tim,Hollo,GRN,Canberra,False,https://greens.org.au/act/person/tim-hollo,timhollo,timhollo4canberra,
Tim Murray,Tim,Murray,ALP,Wentworth (*),False,https://www.alp.org.au/our-people/our-people/tim-murray/,,wentworthlabor,
Tim Watts,Tim,Watts,ALP,Gellibrand,True,,timwattsmp,timwattsmp,
Tim Wilson,Tim,Wilson,LIB,Goldstein,True,,timwilsonmp,timwilsonmp,timwilsonmp
Timothy Ryan,Timothy,Ryan,UAP,Higgins,False,,,timothyryanuap,
Timothy Vo,Timothy,Vo,LIB,Ballarat,False,,,,
Tom Baster,Tom,Baster,ALP,Bowman,False,https://www.alp.org.au/our-people/our-people/tom-baster/,,baster4bowman,
Tom Hall,Tom,Hall,GRN,Bass,False,https://greens.org.au/tas/person/tom-hall,,tom-hall-greens-candidate-for-bass-401050864030955,
Tony Abbott,Tony,Abbott,LIB,Warringah,True,,tonyabbottmhr,tonyabbottmp,tonyabbottmhr
Tony Adams,Tony,Adams,GRN,Bradfield,False,https://greens.org.au/nsw/person/tony-adams,,greens.bradfield,
Tony Burke,Tony,Burke,ALP,Watson,True,,tony_burke,tony.burke.mp,
Tony Lonergan,Tony,Lonergan,GRN,New England,False,https://greens.org.au/nsw/person/tony-lonergan,,uhgreenstony,
Tony O'Gorman,Tony,O'Gorman,ALP,Moore,False,,,laborformoore,
Tony Pasin,Tony,Pasin,LIB,Barker,True,https://www.tonypasin.com/,tonypasin,tonypasinmp,
Tony Pecora,Tony,Pecora,UAP,Melbourne,False,,,tonypecorauap,
Tony Pettitt,Tony,Pettitt,UAP,Macquarie,False,,,macquarie-uap-381246375762156,
Tony Smith,Tony,Smith,LIB,Casey,True,,,tonysmithmp,
Tony Zappia,Tony,Zappia,ALP,Makin,True,,,,
Tracey Bell,Tracey,Bell,ALP,Moncrieff,False,,,traceybelllabor,
Tracey Burton,Tracey,Burton,GRN,Fisher,False,https://greens.org.au/qld/person/tracy-burton,,tracyburton.greens,
Travis Barker,Travis,Barker,AJP,Casey,False,https://www.ajpvic.org.au/2019_federal_election_candidates,,,
Travis Carter,Travis,Carter,ONP,Brand,False,https://www.onenation.org.au/our-team/travis-carter/,,carterforbrand,
Trent Zimmerman,Trent,Zimmerman,LIB,North Sydney,True,,,trentzimmerman,
Trevor Evans,Trevor,Evans,LNP,Brisbane,True,,,trevorevansbne,
Trevor Gray,Trevor,Gray,UAP,Fisher,False,,,trevorygrayuap,
Trevor Jones,Trevor,Jones,IND,Boothby,False,http://www.trevorjonesforboothby.com/,trmj012,trevor-jones-independent-for-boothby-554705301678181,
Troy Kay,Troy,Kay,ALP,Groom,False,https://www.alp.org.au/our-people/our-people/troy-kay/,,,
Tyler Walsh,Tyler,Walsh,ONP,Moore,False,https://www.onenation.org.au/our-team/tyler-walsh/,,walshformoore,
Vaughan Williams,Vaughan,Williams,ONP,Bendigo,False,https://www.onenation.org.au/our-team/vaughan-williams/,,williamsforbendigo,
Vince Connelly,Vince,Connelly,LIB,Stirling,False,,,vince4stirling,
Vinita Costantino,Vinita,Costantino,AJP,Deakin,False,https://www.ajpvic.org.au/2019_federal_election_candidates,,,
Wade Rothery,Wade,Rothery,ONP,Capricornia,False,https://www.onenation.org.au/our-team/wade-rothery-capricornia/,,wade.rothery,
Warnar Spyker,Warnar,Spyker,AUC,Burt,False,,,,
Warren Entsch,Warren,Entsch,LNP,Leichhardt,True,https://www.warrenentsch.com.au/,,warrenentschmp,warren.entsch.mp
Warren Mundine,Warren,Mundine,LIB,Gilmore,False,,nyunggai,nyunggai,
Warren Snowdon,Warren,Snowdon,ALP,Lingiari,True,,manwiththemo,snowdonmp,
Wayne Connolly,Wayne,Connolly,UAP,Goldstein,False,,,wayneconnollyuap,
Wayne Sanford,Wayne,Sanford,ALP,Forrest,False,https://www.alp.org.au/our-people/our-people/wayne-sanford/,,,
Wayne Swan,Wayne,Swan,ALP,Lilley,True,,swannyqld,wayne.swan.mp,
William Hornstra,William,Hornstra,GRN,Monash,False,https://greens.org.au/vic/person/william-hornstra,,williamhornstragreens,
Wylie Campbell,Wylie,Campbell,GRN,Shortland,False,https://greens.org.au/nsw/person/wylie-campbell,,,
Yvonne Langenberg,Yvonne,Langenberg,ALP,New England,False,https://www.alp.org.au/our-people/our-people/yvonne-langenberg/,,labor4newengland,yvonnenewengland
Zac Beers,Zac,Beers,ALP,Flynn,False,https://www.alp.org.au/our-people/our-people/zac-beers/,,zacbeersforflynn,
Zali Steggall,Zali,Steggall,IND,Warringah,False,https://www.zalisteggall.com.au/,zalisteggall,zali4warringah,zalisteggall
